Country,Continent,Year,Tourist_Arrivals,Average_Hotel_Cost_USD,Average_Food_Cost_USD,Average_Transport_Cost_USD,Average_Daily_Budget_USD,Average_Temperature_C,Nature_Score,Culture_Score,Safety_Score
India,Asia,2026,19.28,21.36,39.67,14.02,82.7,26.3,9,9,8
Japan,Asia,2026,33.65,110.75,36.76,11.13,171.47,16.3,9,10,9
Thailand,Asia,2026,38.03,50.98,16.72,5.83,83.63,27.9,9,9,8
Indonesia,Asia,2026,18.24,46.49,15.61,5.73,74.24,26.5,10,9,7
Vietnam,Asia,2026,13.06,42.67,15.01,4.51,68.98,23.6,9,9,8
Nepal,Asia,2026,6.17,38.02,11.61,4.69,60.02,16.3,10,9,8
Sri Lanka,Asia,2026,21.09,44.57,13.39,5.75,71.97,27.7,10,9,8
Singapore,Asia,2026,8.03,154.72,45.1,14.25,233.4,27.4,7,8,9
Malaysia,Asia,2026,28.17,57.38,19.95,6.86,92.73,27.2,9,8,8
South Korea,Asia,2026,15.79,101.28,34.03,11.09,167.67,14.1,8,9,9
China,Asia,2026,34.22,88.35,31.93,10.27,147.13,14.1,9,10,8
Philippines,Asia,2026,18.79,55.17,19.13,5.62,89.36,29.5,10,8,7
Australia,Oceania,2026,10.12,139.13,44.94,13.91,216.91,22.0,10,8,9
New Zealand,Oceania,2026,11.76,125.31,41.62,12.21,200.14,15.8,10,9,10
France,Europe,2026,105.94,147.32,43.35,14.62,222.62,12.2,9,10,8
Spain,Europe,2026,104.86,121.61,36.92,12.95,195.38,17.8,9,10,8
Italy,Europe,2026,71.65,131.17,40.96,13.92,207.79,16.1,9,10,8
Germany,Europe,2026,39.85,138.92,41.63,15.24,219.76,10.0,8,9,9
United Kingdom,Europe,2026,44.95,161.44,45.19,15.46,242.08,11.8,8,10,8
Switzerland,Europe,2026,32.97,208.23,53.33,18.74,309.45,7.6,10,9,10
Austria,Europe,2026,14.23,151.32,44.63,15.11,242.05,9.7,9,9,9
Greece,Europe,2026,39.55,113.3,35.02,11.05,172.47,18.1,10,9,8
Portugal,Europe,2026,30.93,101.49,32.97,11.17,166.86,18.3,9,9,9
Netherlands,Europe,2026,14.23,138.33,43.02,15.19,215.97,11.3,8,9,9
Belgium,Europe,2026,1.72,127.09,40.17,14.58,206.78,10.6,8,9,9
Norway,Europe,2026,2.78,186.8,49.18,17.03,275.97,5.8,10,9,10
Sweden,Europe,2026,10.58,163.04,46.33,15.49,249.98,6.4,10,9,10
Denmark,Europe,2026,4.1,166.77,45.7,17.19,263.63,9.5,9,9,10
Finland,Europe,2026,5.41,160.07,43.65,15.45,250.45,6.0,10,8,10
Iceland,Europe,2026,2.94,195.34,52.62,16.92,299.13,4.2,10,9,10
Ireland,Europe,2026,8.03,144.75,39.53,15.45,227.27,11.3,10,9,9
Croatia,Europe,2026,14.95,105.62,31.49,11.62,164.18,17.0,10,9,9
Turkey,Europe,2026,61.29,81.43,24.67,9.17,127.25,17.1,9,10,7
Czech Republic,Europe,2026,1.58,100.39,30.89,11.1,159.31,8.8,8,9,9
Hungary,Europe,2026,16.4,78.76,27.79,10.32,132.98,11.9,7,9,8
Poland,Europe,2026,1.87,76.05,24.74,9.27,125.24,10.3,7,9,9
Mexico,North America,2026,46.29,87.2,24.98,9.07,137.96,23.1,10,9,7
United States,North America,2026,90.42,190.32,50.96,18.03,284.93,15.2,9,9,7
Canada,North America,2026,24.11,171.43,47.01,17.65,261.56,7.3,10,9,9
Costa Rica,North America,2026,12.79,95.68,29.46,10.37,148.26,23.8,10,8,9
Panama,North America,2026,18.92,84.03,26.3,8.98,136.41,28.1,9,8,8
Guatemala,North America,2026,3.27,55.86,21.5,7.14,93.48,20.8,9,10,7
Cuba,North America,2026,8.65,64.28,21.2,7.96,101.12,25.6,9,9,7
Dominican Republic,North America,2026,14.09,78.87,22.17,9.43,124.7,25.9,9,8,7
Jamaica,North America,2026,16.65,83.13,25.04,9.27,131.59,26.4,10,8,7
Brazil,South America,2026,9.65,75.95,23.79,8.31,124.01,26.1,10,10,7
Argentina,South America,2026,14.82,67.76,22.23,8.19,111.78,18.2,9,10,8
Chile,South America,2026,5.96,83.68,25.75,8.95,134.88,13.5,10,9,9
Peru,South America,2026,17.1,60.76,21.34,6.76,99.53,19.5,10,10,7
Colombia,South America,2026,9.47,65.22,18.94,7.17,104.08,23.6,10,9,7
Ecuador,South America,2026,13.22,56.52,18.77,6.97,94.3,21.4,10,9,7
Bolivia,South America,2026,10.55,47.27,15.77,5.95,74.8,11.1,9,9,7
Uruguay,South America,2026,2.09,77.66,25.43,9.11,128.57,18.2,8,9,9
South Africa,Africa,2026,19.13,74.98,19.88,8.22,116.39,17.7,10,9,7
Egypt,Africa,2026,3.31,60.81,17.62,6.96,97.8,23.1,8,10,7
Morocco,Africa,2026,19.45,70.88,21.14,8.16,110.85,21.1,9,10,8
Kenya,Africa,2026,20.85,64.11,19.03,6.91,98.75,21.8,10,9,7
Tanzania,Africa,2026,10.95,66.86,21.48,7.84,106.5,25.5,10,8,7
Mauritius,Africa,2026,8.66,104.7,28.67,10.41,161.45,24.5,10,8,9
Seychelles,Africa,2026,18.59,169.02,45.22,15.15,249.71,27.3,10,8,9
Ghana,Africa,2026,16.28,56.6,18.76,6.82,89.47,26.8,8,9,7
Nigeria,Africa,2026,10.06,62.14,19.29,6.69,98.94,26.4,7,9,6
Rwanda,Africa,2026,5.26,66.89,20.5,8.26,106.11,19.2,9,8,9
Botswana,Africa,2026,11.84,74.91,23.24,7.75,120.85,24.2,10,8,9
Namibia,Africa,2026,15.44,67.43,20.6,8.21,108.91,20.6,10,8,9
Jordan,Asia,2026,7.87,86.92,25.56,9.07,136.5,19.3,8,10,8
Israel,Asia,2026,8.3,147.49,41.84,13.43,219.72,19.1,8,10,8
UAE,Asia,2026,15.66,161.7,45.63,14.61,250.79,28.5,7,9,9
Saudi Arabia,Asia,2026,2.39,111.27,32.49,10.54,176.42,26.8,8,9,8
Oman,Asia,2026,19.47,105.92,29.69,10.2,158.23,26.2,9,8,9
Qatar,Asia,2026,7.7,174.02,43.1,14.36,265.26,28.8,6,8,9
Georgia,Asia,2026,19.52,63.72,20.41,7.77,102.73,14.1,9,9,8
Armenia,Asia,2026,8.77,56.6,18.79,6.81,89.22,12.6,8,9,8
Azerbaijan,Asia,2026,12.79,73.08,22.48,8.11,116.12,14.0,8,9,8
Kazakhstan,Asia,2026,2.8,69.69,21.75,7.9,111.38,8.6,9,8,8
Mongolia,Asia,2026,1.22,63.36,19.4,6.63,102.38,1.7,10,8,8
Laos,Asia,2026,11.17,39.59,13.78,4.53,66.48,23.8,10,8,8
Cambodia,Asia,2026,6.72,45.07,15.34,5.73,72.96,28.7,9,9,7
Maldives,Asia,2026,17.56,149.8,38.87,14.16,230.18,29.4,10,8,9
Bhutan,Asia,2026,21.46,101.61,27.66,9.14,156.49,13.4,10,9,10
